1,154,Missing label on Drupal 5 CCK single on/off checkbox
1,150,How do I escape the wildcard/asterisk character in bash?
1,67,Synchronize SourceSafe with SVN
1,179,What's the best way to create a drop-down list in a Windows application using Visual Basic?
1,38,Which would you rather use: VisualSVN or AnkhSVN?
1,0,Including eval / bind values in OnClientClick code
1,25,What are some good usability Addins for Visual Studio 2008?
1,111,Subversion Branch Reintegration
1,40,Is there a means to produce a changelog in SVN
1,144,Explain Plan Cost vs Execution Time
1,151,Table and List view with single Model in Qt
1,114,How is AJAX implemented, and how does it help web dev?
1,109,Where to start with source-control
1,31,In bash, environmental variables not tab-expanding correctly
1,66,Oracle Natural Joins and Count(1)
1,6,How can you have SharePoint Link Lists default to opening in a new window?
1,60,Is there a list of AJAX JSF Libraries available?
1,97,Can FxCop/StyleCop be limited to only analyze selected methods from with Visual Studio?
1,11,ReportViewer displaying black background in Print Layout mode
1,92,Favorite Bash Prompt
1,163,Real-time history export amongst bash terminal windows
1,61,How do I run another web site or web service side by side with Sharepoint?
1,89,Apache module FORM handling in C
1,11,Direct Path Load of TimeStamp Data With SQL*LDR
1,123,Sharing binary folders in Visual Studio
1,3,What is the best way to inspect STL containers in Visual Studio debugging?
1,55,ORM tools for Haskell
1,182,Need a mod_rewrite thingy
1,29,Bash prompt in OS X terminal broken
1,144,Compartment items not displayed in DSL diagram
1,67,XAMPP and WAMP in the LAMP, whats the best ?
1,124,Best practictes for configuring Apache / Tomcat
1,139,perl JOIN-like behavior in Oracle?
1,3,Running an MVC application through IIS results in "Directory listing denied"
1,118,Can I pass an arbitrary block of commands to a bash function?
1,47,How do I get the value of the jdbc.batch_size property at runtime for a Web application using Spring MVC and Hibernate?
1,75,Which SharePoint 2007 features are not available to Office 2003 users?
1,117,SQLPlus settings to generate tab-separated data file
1,35,What is your favorite Visual Studio add-in/setting.
1,176,Is it possible to detect 32 bit vs 64 bit in a bash script?
1,24,Is it safe to use the Administrator Tasks in Central Administration?
1,5,Is there a reference for the SharePoint XSLT extension functions?
1,84,Code review addin for Visual Studio
1,90,Is QuickSilver dead?
1,154,What is the optimal way to organize shared .net assemblies in SVN?
1,185,How Can I Remove .DS_Store Files From A Git Repository?
1,83,How to create a zip file in the same format as the Finder's "Compress" menu item?
1,12,MOSS 2007: BDC permisson problem - no BDC application is listed in the web part's configuration menu
1,119,Disabling single line copy in Visual Studio
1,24,Apache and IIS side by side (both listening on port 80) on windows2003
1,145,Sharepoint calculated field's formula for created by
1,90,What is the reasoning behind the recommended layout for Subversion repositories?
1,113,How to access the current Subversion build number?
1,67,LINQ to entities - Building where clauses to test within a many to many relationship.
1,104,Are there any an OS X equivalent to `hcitool`?
1,21,How do you integrate a TDD approach with VisualStudio?
1,121,"Information Not Found" page in Visual Studio 2008, VB.NET Express Edition
1,134,Visual Studio Solutions / Multiple project : How to effectively propagate project properties amongst several projects
1,81,Best way to remove from NSMutableArray while iterating?
1,151,Using Visual Studio 2008 to Assemble, Link, Debug, and Execute MASM 6.11 Assembly Code
1,133,How can I dynamically create a selector at runtime with Objective-C?
1,2,What MySQL client application would you recommend for Mac OS X?
1,166,Accessing URL parameters in Oracle Forms / OC4J
1,23,Displaying the current authenticated Sharepoint user from an asp.net Page Viewer Web Part
1,128,QT: meaning of slot return value?
1,172,How can you change the Visual Studio IDE profile?
1,183,How can I test for an expected exception with a specific exception message in Visual Studio Test?
1,75,How do I add  a "last" class on the last <li> within a Views-generated list?
1,54,Svn ignore versioned on update
1,152,What does "Optimize Code" option really do in Visual Studio?
1,40,Dynamic LINQ and Dynamic Lambda expressions?
1,14,How do I read/write as the authenticated user with WebDAV?
1,67,how do i determine the number of rows in a range in excel using VBA
1,84,How do I access (listen for) the multimedia keys (play/pause) in Mac OS X?
1,2,Mac toolbar via WINE / Crossover
1,190,Is there a way to install gcc in OSX without installing Xcode?
1,74,How to pass an array parameter in TOAD
1,89,How can I trigger Core Animation on an animator proxy during a call to resizeSubviewsWithOldSize?
1,75,How to disable a programmatical breakpoint / assert?
1,126,error when switching to different svn branch
1,115,How can I customize the syntax highlighting in Visual Studio 2005?
1,159,How do I convince my team to drop sourcesafe and move to SVN?
1,188,Duplicate Oracle DES encrypting in Java
1,90,ASP.NET Framework effects of moving from 2.0 to 3.5?
1,99,How do you handle code promotion in a Sharepoint environment?
1,11,SVN Client integrated with OS X's Finder
1,49,Opening more than one of the same Mac Application at once.
1,179,Javascript to extract author/date from SVN keyword substitution
1,165,SharePoint Security
1,135,Visual Studio: How to break on handled exceptions?
1,141,What happens to my app when my Mac goes to sleep?
1,93,Manually inserting data in a table(s) with primary key populated with sequence
1,105,sharepoint 2007 - custom content type - filtered lookup column
1,177,How do I branch an individual file in SVN?
1,151,Getting started using Linq, what do I need?
1,166,SVN Versioning
1,42,How can I best create a SharePoint list view that shows only root folder contents?
1,95,Joining other tables in oracle tree queries
1,94,apache mod_rewrite one rule for any number of possibilities
1,149,How can I publish a subversion repository to a local IIS?
1,55,How do I use SCM with a PHP app such as Wordpress?
1,183,Ajax JSON Not Returning
1,69,User Interface for creating Oracle SQL Loader control file
1,186,Why is my Drupal site logging out users when a Javascript function is called?
1,60,Set up Apache for local development/testing?
1,182,How can I change Drupal's default menu strings without hacking the core files or using the String Override plugin?
1,109,What are some decent ways to prevent users from creating meeting workspaces?
1,184,How to count rows in Lift (Scala's web framework)
1,70,What should I do with the vendor directory with respect to subversion?
1,157,Simple Query of MS SQL 2005 DB from SharePoint, using SSPI authentication?
1,85,ssl_error_rx_record_too_long and Apache SSL
1,30,Source code control policy
1,96,What's a good book for learning Ajax?
1,92,How to compare files with same names in two different directories using a shell script
1,21,Subversion Berkeley DB broken, recovery failed.
1,173,How to export fonts and colors from VS2008 to VS2005?
1,121,Good book for learning Sharepoint development
1,80,Multiple Session Factories under Spring/Hibernate
1,163,How do you deploy your common SharePoint library
1,85,How to work around the [1] IE bug while saving an excel file from a Web server ?
1,184,Optimising a SELECT query that runs slow on Oracle which runs quickly on SQL Server
1,53,Expose VSTO functionality to VBA w/o local admin
1,171,Case-insensitive search using Hibernate
1,82,Will Subclipse 1.4.4 work with Subversion 1.3.2
1,72,Getting started with AJAX with ASP.NET 3.5, what do I need on the server.
1,48,How to check if a trigger is invalid?
1,20,Running away from SharePoint
1,19,Determine if a directory is a bundle or package in the Mac OS X terminal?
1,167,Does SPSecurity.RunWithElevatedPrivileges do anything in a console app?
1,102,Inner join vs Where
1,108,How to tell if an Excel Workbook is protected
1,139,Sharepoint WebPart with AjaxToolkit's Accordion control
1,12,How do I write this in Ruby/Python? Or, can you translate my LINQ to Ruby/Python?
1,7,Apache Mod-Rewrite Primers?
1,170,Checkout one file from subversion
1,187,System.Data.OracleClient: How can I mock/fake/stub OracleException?
1,117,VS2005 "Add New Item..." dialog - default item
1,136,WSS 3.0: change parent type for a content type.
1,66,Is there anyway to remove Design (and Split) views from Visual Studio 2005/2008?
1,149,Explain Plan for Query in a Stored Procedure
1,100,How do I display the full content of LOB column in Oracle SQL*Plus?
1,157,Capture console output for debugging in VS?
1,12,MSExcel 2002 calling Web Services.
1,4,Using PL/SQL how do you I get a file's contents in to a blob?
1,188,Do you use the branches/tags/trunk convention?
1,162,Any way to do Visual Studio "project only" build from command line?
1,89,Visual Studio Freezing/TFS Window Might be off screen
1,167,What causes "Invalid advise flags" run-time error in Excel VBA?
1,52,Bash variable scope
1,18,Removing the "Categories" field from an Issue Tracking list in SharePoint
1,107,Have you integrated Mantis and Subversion?
1,76,Learning how to use Subversion
1,149,LINQ to XML Newbie Question
1,3,Sending SVN commits to an RSS feed
1,148,Any quirks I should be aware of in Drupal's XML-RPC and BlogAPI implementations?
1,5,How do I remove file suffix and path portion of a path string in Bash?
1,47,How to protect cells in Excel but allow these to be modified by VBA script
1,5,How to make SVN only update files but not add new ones.
1,49,Password hash function for Excel VBA
1,117,How to define / configure priority for multiple aspects using Spring AOP (or AspectJ)
1,171,Sharepoint document library source
1,141,Visual Studio Context Menu Shortcut
1,8,Setting a Sharepoint Site Theme through a Web Service?
1,126,Has anyone been able to get SharePoint using NTLM working with SQUID as a reverse proxy?
1,10,subversion cherry picking
1,186,Oracle Coherence: Is it stable?
1,66,Oracle Datadiff
1,146,How to avoid storing credentials to connect to Oracle with JDBC?
1,44,Qt Jambi: QAbstractListModel not displaying in QListView
1,110,LINQ to XML Newbie Question: Returning More Than One Result
1,158,gss_acquire_cred returning Key table entry not found error
1,112,How do I reorder the fields/columns in a view?
1,8,How do I enable applets on Mac Firefox 3.0.1?
1,119,Trouble installing Maatkit on Mac OS X
1,168,Sync File Modification Time Across Multiple Directories
1,132,SVN performance after many revisions
1,60,What can you do with SharePoint on Intranet?
1,160,Where can you find the C# Language Specifications?
1,151,How do I bind an ASP.net ajax AccordionPane to an XMLDatasource?
1,141,How to add Announcement list/webpart to Publishing Portal
1,136,SVN Working Copy xxx locked and cleanup failed
1,114,Make OSX application respond to first mouse click when not focused
1,188,Embedding non-edit widgets in a DataGridView
1,135,How to define persistent variable in SQL*PLUS
1,65,LINQ: custom column names
1,41,Count number of occurences of token in a file
1,65,Is there any way to have the JBoss connection pool reconnect to Oracle when connections go bad?
1,89,How to use system environment variables in VS 2008 Post-Build events?
1,185,How to setup non-admin development in Visual Studio 2005 and 2003
1,184,setPrimitiveValue:forKey: and to-many relationships
1,20,What plugin would you really like to have for Visual Studio 2005/2008
1,116,Can I specify redirects and pipes in variables?
1,142,Disable and later enable all table indexes in Oracle
1,125,Magento: how to use Mage::getConfig()->setNode($path, $value) to change config variables during the session
1,167,How to avoid storing passwords in the clear for tomcat's server.xml Resource definition of a DataSource?
1,49,Cannot Access http://<tfs-server>:8080
1,83,Cross-model relationships in NSManagedObjectModel from merged models?
1,119,Webpart feature not adding Description
1,140,How does AOP work in Drupal?
1,112,MFC "Warning: skipping non-radio button in group."
1,128,Oracle load spikes couple hours after startup.
1,34,How to use "macros" in VisualStudio 2008 build events?
1,101,Expanding a Region will expand children in Visual Studio
1,138,How do you determine Daylight Savings Time in VBA?
1,53,How big of a security risk is checking out an svn project right into production site?
1,104,How do I get a range's address including the worksheet name, but not the workbook name, in Excel VBA?
1,167,SVN installation
1,3,Using AppleScript to hide Keynote Text Fields in A Slide
1,47,Are their naming conventions for ASP.NET web application directory structures?
1,152,Why do my hot-deployed files disappear sometimes? (I think Apache has something to do with it)
1,121,Deployment of custom content type, forms, cqwp, and xsl.
1,175,What are you favourite Matlab/Octave programming tricks?
1,77,Which language should I pick up: VB.Net or C#
1,80,Keyword highlighting on selection in Visual Studio 2008
1,1,In Visual Studio how to give relative path of a .lib file in project properties
1,80,PDB files in VisualStudio bin\debug folders
1,118,How do I set a task to run every so often?
1,30,Develop SharePoint web parts in ASP.NET
1,52,Running subversion under apache
1,180,Firing a SharePoint Workflow by updating a list item through List Webservice
1,44,Sharepoint: How to set the permission to edit WSS user profile
1,159,Linq output as an Interface?
1,88,Infopath doesn't render background colors/pictures w/ Outlook Task/Sharepoint
1,5,How do you add html/styling to the author profile on wordpress?
1,15,Visual Studio ">of" command causes solution explorer to go wacky
1,108,Linq To SQL caching VS multi-user application.
1,117,Sorting 2-D array in matlab w.r.t one column
1,82,Visual Studio Refactoring: Remove Structured IF/End If
1,20,Secure only Login.aspx for a site
1,129,How to call a long-running external program from Excel / VBA
1,15,Sharepoint: Deploy Custom Lists and New Columns in lists
1,59,How can I repair "upgraded" subversion working directories?
1,63,How do I interpret error codes from FrontPage Extensions?
1,78,Determining the port a Visual Studio Web App runs on
1,47,How do I serve a script with apache instead of running it?
1,88,Prevent visual studio creating browse info (.ncb) files
1,167,Visual Studios Link.exe error: "extra operand"
1,90,What's required for a clean uninstall of Visual Studio 2005
1,139,Compressing HTTP request with LWP, Apache, and mod_deflate
1,178,Something Good & Something Bad about SharePoint
1,145,Disabling interstitial graphic when using cfdiv binding
1,34,Programatically logging to the Sharepoint ULS
1,82,Is there a way to add a Subversion section to the right click menu for TextMate ?
1,13,finding apache build options
1,161,Excel CSV - Number cell format
1,128,Fully unrap a view
1,128,How to make XMLHttpRequest  work over HTTPS on Firefox?
1,171,In Visual Studio, when would I want to use the Test View?
1,156,Easiest and quickest way of Web enabling old VBA apps
1,177,Debugging with Oracle's utl_smtp
1,76,Subversive connectors not working with newest Ganymede update
1,136,Can i run a script when i commit to subversion?
1,40,How do I upgrade from Drupal 5 to 6?
1,81,Multiple domains for one site: alias or redirect?
1,189,MSBuild directory structure limit workarounds
1,4,How do i make my colleagues not despising SVN?
1,166,How to access Subversion from Oracle PL/SQL ?
1,106,Subversion question: How can I use post-commit hooks to copy committed files to a web directory?
1,25,ORA-01031: insufficient privileges when selecting view
1,40,Team Foundation Server - Use API to Sync to SVN
1,100,Which Visual Studio Color Theme?
1,109,Remove Tax at Checkout for B2B customers in Magento
1,8,Visual Studio 2008 source control for small teams
1,167,How do you get a list of changes from a Subversion repository by date range?
1,185,LINQ Syntext Sequence
1,72,How do you make a generic memoize function in Haskell?
1,176,Viewing the Visual SourceSafe log inside Visual Studio
1,26,Which Haskell package contains given module.
1,161,Can I Install Visual Studio 2008 Express with VS 2005 ?
1,35,Integrating External Sources in a Build
1,36,App to Change Ldap Password for a JIRA/SVN server
1,121,Do you have to restart apache to make re-write rules in the .htaccess take effect?
1,43,What do 'Delimiter' and 'InheritsFromParent' tags mean in .vsprops files?
1,144,How do you acess a property of a bean for reading in a spring xml config file?
1,28,Automatically set list item permission, after new item is created
1,90,What is the difference between the Project and SVN workingDirectory config Blocks in CruiseControl.NET
1,158,oracle on port 8080
1,136,F# VS Haskell, Which is better for general purpose programming?
1,147,LINQ group by question
1,167,Using functional programming in the real world
1,113,How to synchronize two subversion repositories?
1,186,Have you moved MOSS SharePoint 2007 out of the C:\Inetpub\wwwroot\wss\ folder?
1,119,What is the fastest way to insert data into an Oracle table?
1,93,ORA-01031: insufficient privileges when creating package
1,149,How do I prevent Excel from rendering the spreadsheet as my macro calculates it?
1,53,User Privileges
1,2,is bash getopts function destructive to the command-line options?