4,142,How do I fill a DataSet or a DataTable from a LINQ query resultset ?
4,16,How do you page a collection with LINQ?
4,154,Best Subversion clients for Windows Vista (64bit)
4,119,Best Practice: Collaborative Environment, Bin Directory, SVN
4,1,Visual Studio Setup Project - Per User Registry Settings
4,124,How do I most elegantly express left join with aggregate SQL as LINQ query
4,8,.Net XML comment into API Documentation
4,118,Modify Address Bar URL in AJAX App to Match Current State
4,41,Integrating Visual Studio Test Project with Cruise Control
4,104,What should a longtime Windows user know when starting to use Linux?
4,84,Folders or Projects in a Visual Studio Solution?
4,47,How do I create a branch in SVN?
4,43,Add Custom Tag to Visual Studio Validation
4,178,How do I turn on line numbers by default in TextWrangler on the Mac?
4,58,How to tab focus onto a dropdown field in Mac OSX
4,79,How to tab between buttons on an OSX dialog box
4,88,Progressive Enhancement
4,60,What is a good web-based Grid that accepts Excel clipboard data?
4,160,What is keyboard shortcut to view all open documents in Visual Studio 2008
4,64,How to generate getters and setters in Visual Studio?
4,54,Plugin for Visual Studio to Mimic Eclipse's "Open Type" or "Open Resource" Keyboard Access
4,88,Can ASP.NET AJAX partial rendering work inside a SharePoint 2007 application page?
4,113,What is the best way to deploy a VB.NET application?
4,149,what is your favorite web app deployment workflow with SVN?
4,32,Setup Visual Studio 2005 to print line numbers
4,68,Automated release script and Visual Studio Setup projects
4,161,How do I configure a Vista Ultimate (64bit) account so it can access a SMB share on OSX?
4,23,SVN merge merged extra stuff
4,123,Best SVN Client Ignore Pattern for VB.NET Solutions?
4,55,Experience with SVN vs. Team Foundation Server?
4,11,Version control PHP Web Project
4,199,Database Version Control
4,89,How to add CVS directories recursively
4,160,How can I fix the background of wikipedia pages as displayed in Google Chrome?
4,72,How to specify javascript to run when ModalPopupExtender is shown
4,70,IE6 + SSL + AJAX + post form  = 404 error (?)
4,43,Always Commit the same file with SVN
4,76,How do you deal with configuration files in source control?
4,189,Common Types of Subversion Hooks
4,46,VS 2008 - Objects disappearing?
4,193,Visual Studio and dual/multiple monitors: how do I get optimized use out of my monitors?
4,185,Very slow merge with Subversion 1.5
4,141,How can I improve the edit-compile-test loop when developing a SharePoint workflow?
4,143,User authentication on Resin webserver
4,149,How do I make Subversion (SVN) send email on checkins?
4,42,Beginners Guide to LINQ
4,109,How do I find the high water mark (for sessions) on Oracle 9i
4,130,URL Redirection for SSL virtual hosts
4,55,How do you redirect https to http
4,5,Shelve in TortoiseSVN?
4,65,Visual Studio refactoring: Remove method
4,105,Not showing Dialog when opening file in Acrobat Pro using Applescript
4,158,mod_rewrite to alias one file suffix type to another
4,129,Ajax project suggestion.
4,26,SharePoint - Connection String dialog box during FeatureActivated event
4,34,SharePoint WSS 3.0 Integration with Mac OSX (either Safari or Firefox)
4,141,Accessing iSight programatically?
4,28,Windows Mobile Device Emulator - how to save config permanently?
4,0,Scala abstract type bounds cross referencing
4,22,Using Parameters in MS Reporting Services (SQL 2008) against an ODBC data source
4,171,How do you deploy your SharePoint solutions?
4,30,Visual Studio 2008 Window layout annoyance
4,190,Where is TFS work item help text displayed?
4,33,Graphical representation of SVN branch/merge activity
4,39,Can I copy files to a Network Place from a script or the command line?
4,99,Oracle - What TNS Names file am I using?
4,107,Expression.Invoke in Entity Framework?
4,111,Refresh Excel VBA Function Results
4,182,Conditional Linq Queries
4,48,Sharepoint Wikis
4,186,Creating a development environment for SharePoint.
4,51,In Visual Studio you must be a member of Debug Users or Administrators to start debugging. What if you are but it doesn't work?
4,156,MaskedEditExtender
4,88,Creating Visual Studio templates under the "Windows" catagory.
4,174,_wfopen equivalent under Mac OS X
4,93,Attaching VisualSVN Server to an existing repository
4,162,Oracle SQL Developer not responsive when trying to view tables (or suggest an Oracle Mac client)
4,102,Is there a tool that can display a SVN repository visually ( i.e. pretty charts )?
4,100,Is it safe to install SVN on a production win2008 web server?
4,182,SVN Manager App for Mac (better than XCode)
4,143,In Cocoa do I need to remove an Object from receiving KVO notifications when deallocating it?
4,25,Managed Source Control Hosting and Continuous Integration with CVSDude and CruiseControl.net
4,50,Class Designer in Visual Studio - is it worth it?
4,6,Starting MATLAB from the command line
4,114,LINQ vs stored procedures?
4,79,Do you use version control other than for source code?
4,68,Is it possible to disable command input in the toolbar search box?
4,198,Drawing a view hierachy into a specific content in Cocoa
4,127,Visual Studio Error: The "GenerateResource" task failed unexpectedly.
4,78,How to get out parameters working in SharePoint workflows
4,138,Do you have any recommended macros for Microsoft Visual Studio?
4,110,Tool in Visual Studio 2008 for helping with Localization
4,32,Best way to deploy subversion in a multisite windows environment
4,19,Subversion Management Tools
4,183,Is it possible to coax Visual Studio 2008 into using italics for comments?
4,12,Use SVN instead of CVS on SourceForge
4,84,SSRS - Uninstall Trial Version of VS Business Intelligence
4,14,Migrating to GIT
4,135,Can I configure VisualStudio 2008 to always build the startup project?